time,latitude,longitude,depth,mag,magType,nst,gap,dmin,rms,net,id,updated,place,type,horizontalError,depthError,magError,magNst,status,locationSource,magSource
2020-04-27T02:30:02.055Z,63.2129,-149.9433,97.1,1.4,ml,,,,0.41,ak,ak0205f6s94i,2020-04-27T02:34:13.003Z,"53km WSW of Cantwell, Alaska",earthquake,,0.9,,,automatic,ak,ak
2020-04-27T02:26:56.503Z,61.7682,-148.0223,33.4,1.2,ml,,,,0.85,ak,ak0205f6rg13,2020-04-27T02:32:31.750Z,"43km E of Sutton-Alpine, Alaska",earthquake,,0.1,,,automatic,ak,ak
2020-04-27T02:24:31.829Z,36.87589264,-97.44405365,5,2.57,ml,65,112.0009079,0.1393798739,0.6900494246,ok,ok2020ifyq,2020-04-27T02:36:49.040Z,"15km WNW of Blackwell, Oklahoma",earthquake,1.942593848,,,49,automatic,ok,ok
2020-04-27T02:11:41.240Z,38.8176651,-122.8233337,2.85,0.89,md,14,76,0.0099,0.02,nc,nc73377225,2020-04-27T02:34:03.278Z,"7km NW of The Geysers, CA",earthquake,0.3,0.71,0.01,2,automatic,nc,nc
2020-04-27T02:01:33.547Z,-40.2915,173.3627,205.54,4.3,mb,,87,0.802,0.49,us,us60009d0i,2020-04-27T02:25:04.450Z,"78km NE of Takaka, New Zealand",earthquake,8,7.1,0.169,10,reviewed,us,us
2020-04-27T01:44:22.022Z,61.7241,-156.0684,13.4,1,ml,,,,0.75,ak,ak0205f69v3v,2020-04-27T01:55:03.800Z,"139km S of McGrath, Alaska",earthquake,,0.4,,,automatic,ak,ak
2020-04-27T01:35:14.480Z,19.1686668,-155.4701691,33.29,1.78,md,35,86,0.01522,0.1,hv,hv71490287,2020-04-27T01:38:26.590Z,"4km SSE of Pahala, Hawaii",earthquake,0.48,0.79,0.06,6,automatic,hv,hv
2020-04-27T01:29:53.890Z,19.1528339,-155.4746704,31.54,1.88,md,33,150,0.01214,0.14,hv,hv71490282,2020-04-27T01:33:09.450Z,"5km S of Pahala, Hawaii",earthquake,0.64,1.11,0.25,3,automatic,hv,hv
2020-04-27T01:29:32.760Z,38.8233337,-122.800499,4.98,0.55,md,7,115,0.00748,0.04,nc,nc73377205,2020-04-27T01:44:05.951Z,"6km NW of The Geysers, CA",earthquake,1.1,2.24,,1,automatic,nc,nc
2020-04-27T01:29:02.130Z,17.9733,-66.9483,10,2.76,md,20,180,0.0691,0.13,pr,pr2020118000,2020-04-27T02:13:02.618Z,"3km WSW of Fuig, Puerto Rico",earthquake,0.36,0.5,0.17,17,reviewed,pr,pr
2020-04-27T01:18:22.180Z,35.7036667,-117.5716667,10.53,1.43,ml,23,88,0.1138,0.15,ci,ci39406840,2020-04-27T01:29:09.880Z,"13km NE of Ridgecrest, CA",earthquake,0.34,0.56,0.15,23,automatic,ci,ci
2020-04-27T01:18:11.390Z,38.8253326,-122.8551636,2.11,0.34,md,14,82,0.002581,0.01,nc,nc73377200,2020-04-27T01:32:02.880Z,"10km WNW of The Geysers, CA",earthquake,0.31,0.58,0.25,2,automatic,nc,nc
2020-04-27T01:04:23.140Z,33.5771667,-116.8126667,9.66,0.57,ml,17,113,0.04376,0.17,ci,ci39406832,2020-04-27T01:08:04.252Z,"13km W of Anza, CA",earthquake,0.52,0.81,0.16,13,automatic,ci,ci
2020-04-27T01:01:19.652Z,36.86300659,-97.4400177,2.70477438,1.73,ml,16,111.704422,0.1526263803,0.2145513966,ok,ok2020ifvw,2020-04-27T01:05:43.096Z,"15km WNW of Blackwell, Oklahoma",earthquake,3.226188355,2.560928324,,12,automatic,ok,ok
2020-04-27T00:42:02.860Z,38.044,-118.727,14.5,1.6,ml,14,85.43,0.28,0.14,nn,nn00723763,2020-04-27T00:45:15.268Z,"48km NNE of Mammoth Lakes, California",earthquake,,3.9,,,automatic,nn,nn
2020-04-27T00:40:13.080Z,38.8421669,-122.8288345,1.92,0.57,md,15,84,0.006305,0.02,nc,nc73377185,2020-04-27T02:32:02.267Z,"9km WNW of Cobb, CA",earthquake,0.27,0.67,,1,automatic,nc,nc
2020-04-27T00:30:13.490Z,38.8260002,-122.8548355,2.53,1.56,md,30,70,0.002216,0.03,nc,nc73377170,2020-04-27T02:05:03.086Z,"10km WNW of The Geysers, CA",earthquake,0.21,0.37,0.11,8,automatic,nc,nc
2020-04-27T00:25:27.240Z,33.1531667,-116.4858333,4.67,0.79,ml,20,106,0.1182,0.24,ci,ci39406808,2020-04-27T00:29:12.016Z,"14km NE of Julian, CA",earthquake,0.5,0.92,0.179,14,automatic,ci,ci
2020-04-27T00:12:55.289Z,19.1307,-67.4819,10,2.9,ml,,195,0.747,0.73,us,us60009czu,2020-04-27T00:42:41.521Z,"81km NNW of San Antonio, Puerto Rico",earthquake,5.1,1.9,0.058,39,reviewed,us,us
2020-04-27T00:12:15.900Z,38.0846672,-118.7761688,2.6,2.12,md,20,128,0.2709,0.12,nc,nc73377165,2020-04-27T01:38:03.922Z,"25km SE of Bodie, CA",earthquake,0.43,9.56,0.21,16,automatic,nc,nc
2020-04-27T00:03:19.070Z,38.8018341,-122.7356644,2.66,0.64,md,8,110,0.01859,0.02,nc,nc73377160,2020-04-27T01:23:02.677Z,"2km SSW of Cobb, CA",earthquake,0.58,1.13,0.07,2,automatic,nc,nc
2020-04-26T23:58:45.459Z,58.3713,-153.2844,47.9,1.9,ml,,,,0.62,ak,ak0205dvx3qk,2020-04-27T00:04:22.587Z,"78km NNW of Kodiak Station, Alaska",earthquake,,0.9,,,automatic,ak,ak
2020-04-26T23:51:00.550Z,37.4355011,-121.7751694,7.85,1.63,md,13,120,0.02494,0.02,nc,nc73377155,2020-04-27T00:55:03.673Z,"9km NNE of Alum Rock, CA",earthquake,0.31,0.44,0.23,10,automatic,nc,nc
2020-04-26T23:49:23.290Z,38.0800018,-118.7726669,2.69,1.93,md,8,201,0.2717,0.04,nc,nc73377150,2020-04-27T02:09:36.711Z,"26km SE of Bodie, CA",earthquake,1.46,8.96,0.17,2,automatic,nc,nc
2020-04-26T23:48:45.554Z,5.6464,126.8892,69.09,5.1,mww,,75,1.922,0.92,us,us60009czd,2020-04-27T00:03:45.040Z,"111km SE of Pondaguitan, Philippines",earthquake,7.9,6.4,0.08,15,reviewed,us,us
2020-04-26T23:22:52.370Z,19.5871,-65.397,33,3.75,md,15,296,1.2846,0.28,pr,pr2020117027,2020-04-27T01:52:29.040Z,"121km NNE of Vieques, Puerto Rico",earthquake,1.95,19.38,0.07,12,reviewed,pr,pr
2020-04-26T23:20:30.706Z,59.8147,-136.7461,0,2.3,ml,,,,1.13,ak,ak0205dvoxdk,2020-04-26T23:25:04.599Z,"90km WNW of Skagway, Alaska",earthquake,,0.3,,,automatic,ak,ak
2020-04-26T23:16:22.770Z,19.5288334,-156.0001678,1.77,1.92,md,26,262,0.1189,0.34,hv,hv71490207,2020-04-26T23:19:39.820Z,"6km SW of Kahaluu-Keauhou, Hawaii",earthquake,1.28,1.32,0.1,4,automatic,hv,hv
2020-04-26T23:13:19.050Z,19.6123,-65.3475,58,3.81,md,20,278,1.3064,0.31,pr,pr2020117028,2020-04-27T01:54:12.040Z,"127km NNE of Vieques, Puerto Rico",earthquake,2.54,9.94,0.11,18,reviewed,pr,pr
2020-04-26T23:12:03.082Z,60.248,-153.1226,109.4,1.4,ml,,,,0.41,ak,ak0205dvn5iq,2020-04-26T23:25:04.083Z,"33km SW of Redoubt Volcano, Alaska",earthquake,,0.6,,,automatic,ak,ak
2020-04-26T23:08:34.850Z,19.2148342,-155.4160004,32.49,1.79,md,32,157,0.02853,0.1,hv,hv71490197,2020-04-26T23:11:41.900Z,"6km E of Pahala, Hawaii",earthquake,0.72,0.7,0.2,9,automatic,hv,hv
2020-04-26T23:08:03.830Z,33.5033333,-116.5085,9.16,0.43,ml,16,67,0.0572,0.09,ci,ci39406784,2020-04-27T01:36:17.627Z,"16km ESE of Anza, CA",earthquake,0.22,0.48,0.117,8,reviewed,ci,ci
2020-04-26T23:07:20.254Z,61.2643,-146.0809,21.4,1.4,ml,,,,0.97,ak,ak0205dvm49w,2020-04-26T23:12:30.117Z,"20km NE of Valdez, Alaska",earthquake,,0.4,,,automatic,ak,ak
2020-04-26T23:07:18.928Z,58.4752,-137.0977,10,2.5,ml,,171,0.689,1.13,us,us60009cyn,2020-04-26T23:32:01.040Z,"79km W of Gustavus, Alaska",earthquake,5,2,0.057,41,reviewed,us,us
2020-04-26T22:57:09.861Z,60.3198,-152.0115,86.9,1.1,ml,,,,0.42,ak,ak0205dvbdnt,2020-04-26T23:00:36.401Z,"39km W of Cohoe, Alaska",earthquake,,0.5,,,automatic,ak,ak
2020-04-26T22:53:07.423Z,66.2361,-157.2154,0,1.9,ml,,,,0.9,ak,ak0205dvaikd,2020-04-26T23:00:35.890Z,"76km SSW of Kobuk, Alaska",earthquake,,0.4,,,automatic,ak,ak
2020-04-26T22:52:11.445Z,-44.9472,167.5225,79.11,4.9,mww,,78,0.579,0.66,us,us60009cyg,2020-04-27T00:54:14.967Z,"54km NNW of Te Anau, New Zealand",earthquake,4.1,5.3,0.08,15,reviewed,us,us
2020-04-26T22:48:20.044Z,69.5118,-144.0135,6.8,1.9,ml,,,,1.13,ak,ak0205dv9h04,2020-04-26T22:58:55.203Z,"70km SSW of Kaktovik, Alaska",earthquake,,1.6,,,automatic,ak,ak
2020-04-26T22:43:07.239Z,-20.4433,-68.9518,115.91,4.1,mb,,53,0.355,0.82,us,us60009cyc,2020-04-26T23:30:21.040Z,"126km ESE of Iquique, Chile",earthquake,4,6.8,0.213,6,reviewed,us,us
2020-04-26T22:42:28.812Z,-31.7354,-71.298,35,4.2,mb,,169,0.412,0.51,us,us60009cy9,2020-04-26T23:34:29.007Z,"17km SW of Illapel, Chile",earthquake,2.4,2,0.373,2,reviewed,us,us
2020-04-26T22:38:00.434Z,62.0583,-147.7816,26.2,1.4,ml,,,,0.81,ak,ak0205dv7ae0,2020-04-26T22:43:20.006Z,"63km ENE of Sutton-Alpine, Alaska",earthquake,,0.2,,,automatic,ak,ak
2020-04-26T22:32:06.510Z,38.8116684,-122.8065033,8.59,0.87,md,14,58,0.009499,0.06,nc,nc73377130,2020-04-26T23:12:02.952Z,"6km NW of The Geysers, CA",earthquake,0.74,1.28,,1,automatic,nc,nc
2020-04-26T22:28:27.260Z,33.9603333,-118.3598333,16.27,1.22,ml,19,155,0.03016,0.26,ci,ci39406776,2020-04-26T22:32:16.284Z,"1km WNW of Inglewood, CA",earthquake,0.85,0.69,0.312,31,automatic,ci,ci
2020-04-26T22:28:10.902Z,-9.8645,-75.1408,121.95,4.6,mb,,104,2.691,0.96,us,us60009cy7,2020-04-26T23:40:43.742Z,"83km NNE of Oxapampa, Peru",earthquake,8.6,6.6,0.06,81,reviewed,us,us
2020-04-26T22:06:57.400Z,38.777668,-122.7458344,0.98,1.45,md,27,58,0.009034,0.04,nc,nc73377125,2020-04-26T22:45:04.790Z,"1km E of The Geysers, CA",earthquake,0.2,0.34,0.08,8,automatic,nc,nc
2020-04-26T22:01:26.985Z,36.86959076,-97.4414978,2.524522066,1.82,ml,19,112.2406082,0.1459499002,0.5414668268,ok,ok2020ifpy,2020-04-26T22:04:34.997Z,"15km WNW of Blackwell, Oklahoma",earthquake,3.429053955,2.140197036,,14,automatic,ok,ok
2020-04-26T21:58:26.275Z,63.1167,-150.5729,113.2,1.4,ml,,,,0.39,ak,ak0205duq773,2020-04-26T22:01:48.722Z,"87km WSW of Cantwell, Alaska",earthquake,,1.1,,,automatic,ak,ak
2020-04-26T21:56:30.797Z,62.2901,-149.9307,16.4,1.3,ml,,,,0.65,ak,ak0205dupryi,2020-04-26T22:05:59.942Z,"10km ESE of Talkeetna, Alaska",earthquake,,0.2,,,automatic,ak,ak
2020-04-26T21:46:39.780Z,17.9201,-66.9071,5,2.59,md,18,216,0.0617,0.22,pr,pr2020117026,2020-04-26T22:06:56.241Z,"5km S of Guanica, Puerto Rico",earthquake,0.71,0.44,0.28,13,reviewed,pr,pr
2020-04-26T21:35:10.315Z,61.3741,-150.4501,46.4,1.3,ml,,,,0.53,ak,ak0205dul8c4,2020-04-26T21:46:24.730Z,"31km WSW of Big Lake, Alaska",earthquake,,1,,,automatic,ak,ak
2020-04-26T21:31:10.650Z,33.0903333,-116.6233333,15.69,1.27,ml,37,55,0.02357,0.24,ci,ci39406744,2020-04-26T21:42:21.680Z,"2km WNW of Julian, CA",earthquake,0.35,0.72,0.209,26,automatic,ci,ci
2020-04-26T21:19:28.209Z,44.29,-115.1584,10,2.6,ml,,87,0.267,0.65,us,us60009cwx,2020-04-26T21:32:13.040Z,"74km ESE of Cascade, Idaho",earthquake,2,2,0.052,48,reviewed,us,us
2020-04-26T21:15:18.450Z,33.4955,-116.508,11.5,0.52,ml,22,57,0.06475,0.2,ci,ci39406712,2020-04-26T21:19:03.838Z,"17km ESE of Anza, CA",earthquake,0.35,0.69,0.137,14,automatic,ci,ci
2020-04-26T21:13:41.524Z,64.7059,-152.4726,0,1.6,ml,,,,1.08,ak,ak0205dugkzs,2020-04-26T21:16:47.844Z,"55km SSW of Tanana, Alaska",earthquake,,0.3,,,automatic,ak,ak
2020-04-26T21:04:47.950Z,17.9453,-66.8633,16,2.33,md,13,199,0.1825,0.13,pr,pr2020117025,2020-04-26T21:30:38.760Z,"4km SE of Maria Antonia, Puerto Rico",earthquake,0.71,0.91,0.29,8,reviewed,pr,pr
2020-04-26T21:01:09.746Z,60.0317,-152.9216,108.8,1,ml,,,,0.39,ak,ak0205dudxyc,2020-04-26T21:08:35.800Z,"51km S of Redoubt Volcano, Alaska",earthquake,,0.8,,,automatic,ak,ak
2020-04-26T21:00:44.150Z,35.848,-117.6888333,6.98,0.49,ml,8,85,0.07327,0.12,ci,ci39406696,2020-04-26T21:04:16.995Z,"22km ESE of Little Lake, CA",earthquake,0.38,0.96,0.115,6,automatic,ci,ci
2020-04-26T20:56:46.930Z,17.93,-66.848,11,2.81,md,22,195,0.0548,0.15,pr,pr2020117023,2020-04-26T21:16:40.630Z,"6km SE of Maria Antonia, Puerto Rico",earthquake,0.57,0.44,0.32,15,reviewed,pr,pr
2020-04-26T20:56:33.978Z,36.88008118,-97.44682312,5,3.16,ml,71,111.4928055,0.1348550469,0.7773249586,ok,ok2020ifnu,2020-04-26T21:17:11.040Z,"15km WNW of Blackwell, Oklahoma",earthquake,1.855805318,,,55,automatic,ok,ok
2020-04-26T20:50:40.620Z,17.9225,-66.8506,12,2.67,md,19,199,0.1992,0.16,pr,pr2020117024,2020-04-26T21:20:43.150Z,"7km SSE of Maria Antonia, Puerto Rico",earthquake,0.54,0.37,0.29,16,reviewed,pr,pr
2020-04-26T20:40:02.690Z,33.6655,-116.7016667,16.15,0.53,ml,16,90,0.02349,0.1,ci,ci39406672,2020-04-27T01:24:10.039Z,"8km S of Idyllwild, CA",earthquake,0.31,0.43,0.132,8,reviewed,ci,ci
2020-04-26T20:25:42.593Z,38.0338,-118.7507,6.2,1.3,ml,13,87.42,0.291,0.1697,nn,nn00723753,2020-04-27T02:09:34.122Z,"46km NNE of Mammoth Lakes, California",earthquake,,2.4,0.29,5,reviewed,nn,nn
2020-04-26T20:00:13.390Z,35.6438333,-117.4675,7.01,1.81,ml,28,88,0.05737,0.12,ci,ci39406648,2020-04-26T20:11:00.760Z,"15km SSW of Searles Valley, CA",earthquake,0.23,0.52,0.193,27,automatic,ci,ci
2020-04-26T19:48:55.530Z,33.2401667,-116.7388333,9.46,0.69,ml,22,64,0.01721,0.24,ci,ci39406640,2020-04-26T19:52:39.432Z,"2km E of Lake Henshaw, CA",earthquake,0.38,0.62,0.202,16,automatic,ci,ci
2020-04-26T19:38:43.856Z,64.7497,-149.0369,19.1,0.9,ml,,,,0.72,ak,ak0205dtf2v5,2020-04-26T19:42:04.896Z,"19km N of North Nenana, Alaska",earthquake,,0.3,,,automatic,ak,ak
2020-04-26T19:38:16.337Z,62.2125,-150.0351,36,1.2,ml,,,,0.84,ak,ak0205dtf0ka,2020-04-26T19:50:29.986Z,"11km WNW of Y, Alaska",earthquake,,5.1,,,automatic,ak,ak
2020-04-26T19:37:14.318Z,64.76,-149.0226,16.8,1.6,ml,,,,0.96,ak,ak0205dtesv2,2020-04-26T19:50:29.477Z,"20km NNE of North Nenana, Alaska",earthquake,,0.2,,,automatic,ak,ak
2020-04-26T19:34:41.353Z,64.7844,-149.0192,23.1,2.1,ml,,,,0.6,ak,ak0205dte7tc,2020-04-26T19:45:26.487Z,"23km N of North Nenana, Alaska",earthquake,,0.3,,,automatic,ak,ak
2020-04-26T19:31:50.497Z,60.1481,-152.7974,113.2,1.1,ml,,,,0.38,ak,ak0205dtdleo,2020-04-26T19:42:02.685Z,"37km S of Redoubt Volcano, Alaska",earthquake,,0.6,,,automatic,ak,ak
2020-04-26T19:25:42.090Z,35.7435,-117.5475,9.04,0.61,ml,8,157,0.08276,0.18,ci,ci39406624,2020-04-26T19:29:16.161Z,"13km WSW of Searles Valley, CA",earthquake,0.62,1.43,0.076,7,automatic,ci,ci
2020-04-26T19:12:56.100Z,19.2234993,-155.4393311,31.02,1.98,md,41,124,0.04191,0.12,hv,hv71490047,2020-04-26T19:16:33.740Z,"4km ENE of Pahala, Hawaii",earthquake,0.6,0.71,0.15,15,automatic,hv,hv
2020-04-26T19:05:11.810Z,35.7833333,-117.6003333,3.97,0.98,ml,13,125,0.03242,0.17,ci,ci39406608,2020-04-26T19:08:58.025Z,"18km W of Searles Valley, CA",earthquake,0.53,0.79,0.136,13,automatic,ci,ci
2020-04-26T19:01:35.340Z,35.8853333,-117.6768333,4.53,0.54,ml,9,89,0.06602,0.12,ci,ci39406600,2020-04-26T19:05:22.249Z,"22km ESE of Little Lake, CA",earthquake,0.3,0.79,0.126,6,automatic,ci,ci
2020-04-26T18:57:01.890Z,33.5418333,-116.7126667,3.7,0.6,ml,25,60,0.03123,0.12,ci,ci39406592,2020-04-27T01:20:23.437Z,"4km WSW of Anza, CA",earthquake,0.17,0.31,0.165,16,reviewed,ci,ci
2020-04-26T18:46:57.690Z,60.4844,-143.767,18.2,1.2,ml,,,,0.27,ak,ak0205dsve2z,2020-04-26T18:57:41.742Z,"87km WNW of Cape Yakataga, Alaska",earthquake,,0.3,,,automatic,ak,ak
2020-04-26T18:46:36.380Z,19.2059994,-155.4230042,33.24,2.08,md,32,168,0.06244,0.13,hv,hv71490012,2020-04-26T18:49:52.760Z,"5km E of Pahala, Hawaii",earthquake,0.65,1.06,0.22,11,automatic,hv,hv
2020-04-26T18:45:11.870Z,17.921,-66.8896,10,2.79,md,21,203,0.0551,0.16,pr,pr2020117022,2020-04-26T19:18:46.683Z,"5km SSE of Guanica, Puerto Rico",earthquake,0.63,0.55,0.31,18,reviewed,pr,pr
2020-04-26T18:38:45.767Z,60.4813,-142.8265,0,1.1,ml,,,,0.57,ak,ak0205dstnic,2020-04-26T18:46:48.822Z,"51km NNW of Cape Yakataga, Alaska",earthquake,,0.6,,,automatic,ak,ak
2020-04-26T18:27:31.730Z,63.1206,-150.6735,118.9,1.6,ml,,,,0.29,ak,ak0205dsr9jq,2020-04-26T18:40:16.294Z,"91km WSW of Cantwell, Alaska",earthquake,,0.9,,,automatic,ak,ak
2020-04-26T18:20:31.480Z,33.5015,-116.5038333,9.44,0.56,ml,22,58,0.06029,0.13,ci,ci39406584,2020-04-26T18:24:09.147Z,"17km ESE of Anza, CA",earthquake,0.23,0.49,0.134,14,automatic,ci,ci
2020-04-26T18:03:27.800Z,35.8846667,-117.6815,3.84,0.62,ml,10,84,0.06797,0.09,ci,ci39406568,2020-04-26T18:07:04.760Z,"21km ESE of Little Lake, CA",earthquake,0.26,0.97,0.059,9,automatic,ci,ci
2020-04-26T17:56:02.150Z,33.4996667,-116.5028333,8.65,0.79,ml,27,59,0.06229,0.18,ci,ci39406560,2020-04-26T17:59:45.276Z,"17km ESE of Anza, CA",earthquake,0.26,0.57,0.221,26,automatic,ci,ci
2020-04-26T17:47:56.410Z,35.8995,-117.7356667,1.81,0.3,ml,8,90,0.08313,0.17,ci,ci39406552,2020-04-26T17:51:40.855Z,"16km ESE of Little Lake, CA",earthquake,0.38,0.93,0.256,3,automatic,ci,ci
2020-04-26T17:46:58.520Z,33.4983333,-116.5073333,10.47,0.47,ml,17,84,0.06223,0.18,ci,ci39406544,2020-04-26T17:50:41.544Z,"17km ESE of Anza, CA",earthquake,0.34,0.73,0.199,9,automatic,ci,ci
2020-04-26T17:45:25.140Z,36.1876667,-118.0161667,1.48,1.21,ml,18,77,0.1481,0.17,ci,ci39406536,2020-04-26T17:48:55.533Z,"10km S of Olancha, CA",earthquake,0.42,0.76,0.191,17,automatic,ci,ci
2020-04-26T17:44:48.477Z,44.3607,-115.2556,10,2.9,ml,,81,0.28,0.97,us,us60009cuf,2020-04-26T17:58:00.040Z,"64km ESE of Cascade, Idaho",earthquake,1.6,2,0.059,38,reviewed,us,us
2020-04-26T17:30:29.682Z,61.4796,-146.3364,26.2,1.5,ml,,,,1,ak,ak0205ds6gs0,2020-04-26T17:35:13.166Z,"38km N of Valdez, Alaska",earthquake,,0.2,,,automatic,ak,ak
2020-04-26T17:26:08.020Z,35.6661667,-117.5275,13.51,0.76,ml,8,148,0.1597,0.13,ci,ci39406512,2020-04-26T17:29:42.418Z,"14km ENE of Ridgecrest, CA",earthquake,0.61,1.78,0.173,9,automatic,ci,ci
2020-04-26T17:21:27.553Z,61.1573,-148.6196,1.4,1.7,ml,,,,1.68,ak,ak0205ds4iyx,2020-04-26T17:24:20.224Z,"42km N of Whittier, Alaska",earthquake,,0.3,,,automatic,ak,ak
2020-04-26T17:11:49.700Z,36.1191667,-117.8675,3.96,0.81,ml,12,142,0.01036,0.11,ci,ci39406496,2020-04-26T17:15:26.345Z,"11km NE of Coso Junction, CA",earthquake,0.42,0.22,0.287,9,automatic,ci,ci
2020-04-26T17:09:54.455Z,62.3127,-151.8238,97.3,1.4,ml,,,,0.57,ak,ak0205ds20pf,2020-04-26T17:22:39.370Z,"88km W of Talkeetna, Alaska",earthquake,,0.6,,,automatic,ak,ak
2020-04-26T16:50:26.419Z,62.6997,-150.4457,31.3,1,ml,,,,0.78,ak,ak0205drpbap,2020-04-26T16:53:11.732Z,"45km NNW of Talkeetna, Alaska",earthquake,,1.3,,,automatic,ak,ak
2020-04-26T16:27:07.899Z,61.4674,-149.9284,34.9,1.3,ml,,,,0.56,ak,ak0205drkced,2020-04-26T16:44:29.755Z,"6km SSE of Big Lake, Alaska",earthquake,,0.2,,,automatic,ak,ak
2020-04-26T16:21:10.690Z,33.491,-116.4825,7.09,0.46,ml,18,63,0.07772,0.23,ci,ci39406456,2020-04-26T16:24:56.040Z,"19km ESE of Anza, CA",earthquake,0.43,1.23,0.218,8,automatic,ci,ci
2020-04-26T16:19:01.800Z,38.8344994,-122.8069992,2.53,0.63,md,17,51,0.01135,0.03,nc,nc73377015,2020-04-26T17:20:04.647Z,"7km W of Cobb, CA",earthquake,0.29,0.85,0.35,2,automatic,nc,nc
2020-04-26T16:16:42.009Z,61.6611,-149.5737,41.3,0.9,ml,,,,1.4,ak,ak0205dri25k,2020-04-26T16:19:44.411Z,"4km NNE of Meadow Lakes, Alaska",earthquake,,0.6,,,automatic,ak,ak
2020-04-26T16:14:03.109Z,37.1813,-117.5862,7.6,0.5,ml,9,164.94,0.07,0.1721,nn,nn00723750,2020-04-27T02:09:31.570Z,"62km E of Big Pine, California",earthquake,,1.9,0.1,5,reviewed,nn,nn
2020-04-26T16:12:53.975Z,27.9295,54.3812,10,4.3,mb,,58,3.391,0.62,us,us60009ctr,2020-04-26T16:59:56.040Z,"27km N of Lar, Iran",earthquake,8.5,1.9,0.079,45,reviewed,us,us
2020-04-26T16:04:15.830Z,18.526,-65.2266,104,3.39,md,16,294,0.2256,0.1,pr,pr2020117020,2020-04-27T00:06:47.895Z,"31km NNE of Culebra, Puerto Rico",earthquake,1.59,0.56,0.05,9,reviewed,pr,pr
2020-04-26T16:02:09.200Z,35.68,-117.4991667,2.1,0.63,ml,11,105,0.1573,0.16,ci,ci39406440,2020-04-26T16:05:50.969Z,"13km SW of Searles Valley, CA",earthquake,0.45,1.49,0.169,8,automatic,ci,ci
2020-04-26T15:58:43.912Z,60.5075,-151.1312,32.6,1.2,ml,,,,0.62,ak,ak0205dr5ms2,2020-04-26T16:10:32.270Z,"3km SW of Ridgeway, Alaska",earthquake,,0.4,,,automatic,ak,ak
2020-04-26T15:52:33.100Z,19.2438335,-155.3829956,32.06,2.21,ml,51,141,0.01508,0.16,hv,hv71489832,2020-04-26T15:58:06.450Z,"11km ENE of Pahala, Hawaii",earthquake,0.53,0.73,4.59,4,automatic,hv,hv
2020-04-26T15:51:16.737Z,63.3959,-151.1161,0,1.5,ml,,,,1.12,ak,ak0205dr42nr,2020-04-26T16:05:50.584Z,"108km W of Cantwell, Alaska",earthquake,,0.3,,,automatic,ak,ak
2020-04-26T15:44:50.456Z,61.79,-147.217,20.1,1.3,ml,,,,0.55,ak,ak0205dr2na0,2020-04-26T16:05:50.221Z,"86km NNW of Valdez, Alaska",earthquake,,0.3,,,automatic,ak,ak
2020-04-26T15:41:49.670Z,19.2033329,-155.3938293,31.02,1.76,md,32,172,0.03417,0.15,hv,hv71489822,2020-04-26T15:44:53.440Z,"9km E of Pahala, Hawaii",earthquake,0.66,0.99,0.17,4,automatic,hv,hv
2020-04-26T15:40:23.720Z,17.9661,-66.897,10,2.79,md,18,183,0.0199,0.14,pr,pr2020117021,2020-04-26T16:53:58.370Z,"1km ESE of Guanica, Puerto Rico",earthquake,0.36,0.38,0.28,11,reviewed,pr,pr
2020-04-26T15:30:47.860Z,61.0429,-151.9428,84.8,1.6,ml,,,,0.43,ak,ak0205dqzn1b,2020-04-26T15:41:04.788Z,"52km NW of Nikiski, Alaska",earthquake,,0.7,,,automatic,ak,ak
2020-04-26T15:28:54.330Z,35.6726667,-117.4563333,10.99,0.88,ml,12,172,0.1653,0.19,ci,ci39406432,2020-04-26T15:32:41.732Z,"12km SSW of Searles Valley, CA",earthquake,0.67,1,0.105,10,automatic,ci,ci
2020-04-26T15:22:04.823Z,44.4127,-115.3069,10,2.6,ml,,87,0.314,0.55,us,us60009ct3,2020-04-26T17:29:39.040Z,"59km E of Cascade, Idaho",earthquake,4.9,2,0.056,42,reviewed,us,us
2020-04-26T15:18:32.682Z,64.588,-149.4291,19.6,1,ml,,,,0.43,ak,ak0205dqx1b0,2020-04-26T15:24:19.739Z,"15km W of North Nenana, Alaska",earthquake,,0.2,,,automatic,ak,ak
2020-04-26T15:12:22.050Z,38.8206673,-122.8346634,22.9,0.98,md,16,66,0.002462,0.13,nc,nc73377010,2020-04-26T16:53:02.487Z,"8km NW of The Geysers, CA",earthquake,2.41,11.36,0.14,2,automatic,nc,nc
2020-04-26T14:56:40.335Z,61.8139,-151.5686,84.4,1.2,ml,,,,0.55,ak,ak0205dqjrg8,2020-04-26T15:01:13.790Z,"81km W of Willow, Alaska",earthquake,,0.6,,,automatic,ak,ak
2020-04-26T14:52:52.460Z,17.9163,-66.9113,12,2.48,md,11,219,0.067,0.14,pr,pr2020117019,2020-04-26T15:23:04.698Z,"6km S of Guanica, Puerto Rico",earthquake,0.9,0.46,0.18,5,reviewed,pr,pr
2020-04-26T14:47:42.940Z,64.9923,-147.4745,0,1,ml,,,,0.9,ak,ak0205dqhu7l,2020-04-26T14:55:51.874Z,"20km NNE of Fairbanks, Alaska",earthquake,,0.4,,,automatic,ak,ak
2020-04-26T14:45:14.908Z,66.229,-157.2062,1,1.8,ml,,,,0.83,ak,ak0205dqhcn1,2020-04-26T14:48:59.864Z,"76km S of Kobuk, Alaska",earthquake,,0.3,,,automatic,ak,ak
2020-04-26T14:37:31.110Z,33.4938333,-116.7988333,4.71,0.43,ml,19,48,0.01853,0.19,ci,ci39406416,2020-04-26T14:41:07.698Z,"8km NE of Aguanga, CA",earthquake,0.3,0.47,0.089,13,automatic,ci,ci
2020-04-26T14:37:07.305Z,37.6058,-114.5303,4.5,0.9,ml,7,101.75,0.343,0.1435,nn,nn00723749,2020-04-27T02:09:29.424Z,"1km WSW of Caliente, Nevada",earthquake,,3.5,0.53,4,reviewed,nn,nn
2020-04-26T14:16:30.151Z,57.506,-154.6412,20,1.3,ml,,,,0.41,ak,ak0205dqb5wa,2020-04-26T22:43:19.195Z,"39km W of Larsen Bay, Alaska",earthquake,,2,,,reviewed,ak,ak
2020-04-26T14:14:04.241Z,51.6507,178.3097,103.34,4.1,mb,,181,0.676,0.52,us,us60009cs4,2020-04-26T22:38:26.999Z,"35km SSW of Little Sitkin Island, Alaska",earthquake,11.7,8.9,0.063,68,reviewed,us,us
2020-04-26T14:12:22.330Z,19.1668339,-155.4936676,34.58,1.84,md,36,157,0.08127,0.11,hv,hv71489772,2020-04-26T14:15:35.950Z,"4km SSW of Pahala, Hawaii",earthquake,0.61,0.97,0.16,3,automatic,hv,hv
2020-04-26T14:02:13.175Z,42.0545,145.0117,8.21,5,mb,,132,2.719,0.57,us,us60009crz,2020-04-26T15:03:02.040Z,"114km SSE of Kushiro, Japan",earthquake,5.8,4,0.031,325,reviewed,us,us
2020-04-26T14:00:40.225Z,37.2369,-115.4222,0,1.1,ml,21,161.51,0.341,0.1953,nn,nn00723747,2020-04-27T02:09:26.416Z,"26km WSW of Alamo, Nevada",earthquake,,0,0.27,7,reviewed,nn,nn
2020-04-26T13:55:06.150Z,17.9883,-66.769,7,3.01,md,22,167,0.111,0.21,pr,pr2020117018,2020-04-26T14:41:17.040Z,"6km SW of Tallaboa, Puerto Rico",earthquake,0.5,0.28,0.24,17,reviewed,pr,pr
2020-04-26T13:46:43.797Z,36.44093323,-98.79138947,5.965519428,1.54,ml,11,111.702301,0.0117794713,0.1715031622,ok,ok2020iezq,2020-04-26T13:49:07.334Z,"33km NW of Fairview, Oklahoma",earthquake,5.518523876,6.292996149,,9,automatic,ok,ok
2020-04-26T13:43:57.845Z,-3.9435,151.3727,10,5.2,mww,,64,0.826,0.59,us,us60009crm,2020-04-26T14:37:37.040Z,"93km WNW of Rabaul, Papua New Guinea",earthquake,7.2,1.8,0.08,15,reviewed,us,us
2020-04-26T13:38:03.737Z,36.7188,-116.1104,1.2,0.2,ml,19,72.79,0.008,0.1922,nn,nn00723746,2020-04-27T02:09:16.913Z,"57km N of Pahrump, Nevada",earthquake,,1.4,0.25,7,reviewed,nn,nn
2020-04-26T13:36:53.400Z,38.8320007,-122.8130035,1.61,0.56,md,9,82,0.008893,0.01,nc,nc73376985,2020-04-26T15:04:02.808Z,"8km NW of The Geysers, CA",earthquake,0.46,1.15,,1,automatic,nc,nc
2020-04-26T13:36:15.050Z,17.9156,-66.8483,12,2.46,md,21,218,0.067,0.16,pr,pr2020117017,2020-04-26T13:51:46.918Z,"8km SE of Guanica, Puerto Rico",earthquake,0.72,0.46,0.29,10,reviewed,pr,pr
2020-04-26T13:34:26.070Z,37.4243317,-121.7818298,4.75,2.04,md,43,57,0.02987,0.06,nc,nc73376980,2020-04-26T14:37:03.646Z,"8km NNE of Alum Rock, CA",earthquake,0.13,0.3,0.14,33,automatic,nc,nc
2020-04-26T13:34:01.795Z,60.0523,-140.0488,11,1.2,ml,,,,0.47,ak,ak0205dptj4j,2020-04-26T13:37:13.997Z,"59km NNW of Yakutat, Alaska",earthquake,,0.3,,,automatic,ak,ak
2020-04-26T13:23:39.812Z,34.5999,24.6508,27.05,4.3,mb,,79,0.714,1.14,us,us60009cr9,2020-04-26T17:28:21.040Z,"52km SSW of Tympakion, Greece",earthquake,6.4,5.9,0.085,46,reviewed,us,us
2020-04-26T13:23:17.440Z,44.5076,-115.2879,10,2.9,ml,,84,0.409,0.66,us,us60009cr8,2020-04-26T17:26:17.964Z,"59km E of Cascade, Idaho",earthquake,3.5,2,0.04,82,reviewed,us,us
2020-04-26T13:18:34.350Z,63.522,-148.7412,2,1.8,ml,,,,1,ak,ak0205dpq67b,2020-04-26T13:23:30.802Z,"17km NE of Cantwell, Alaska",earthquake,,0.2,,,automatic,ak,ak
2020-04-26T13:08:53.040Z,33.7281667,-116.6751667,13.37,0.58,ml,26,78,0.03368,0.19,ci,ci39406384,2020-04-26T13:12:38.802Z,"4km ESE of Idyllwild, CA",earthquake,0.43,0.53,0.177,16,automatic,ci,ci
2020-04-26T13:04:18.550Z,35.3665,-118.0943333,1.23,1.39,ml,26,46,0.1739,0.19,ci,ci39406376,2020-04-26T13:14:36.600Z,"28km NNW of California City, CA",earthquake,0.28,0.8,0.197,28,automatic,ci,ci
2020-04-26T13:03:38.650Z,17.8961,-66.8451,13,2,ml,13,229,0.086,0.16,pr,pr2020117016,2020-04-26T13:21:24.797Z,"10km SE of Guanica, Puerto Rico",earthquake,1.08,0.54,0,0,reviewed,pr,pr
2020-04-26T13:02:00.470Z,20.3498325,-156.5391693,12.63,2.77,md,41,158,0.4896,0.23,hv,hv71489702,2020-04-26T13:23:25.040Z,"44km SSW of Keokea, Hawaii",earthquake,0.61,1.31,0.13,3,automatic,hv,hv
2020-04-26T12:53:29.930Z,19.2164993,-155.4011688,32.62,1.84,md,40,165,0.02118,0.12,hv,hv71489697,2020-04-26T12:56:33.600Z,"8km E of Pahala, Hawaii",earthquake,0.62,0.93,0.02,7,automatic,hv,hv
2020-04-26T12:51:19.031Z,35.72900391,-98.80931091,1.165122747,2.28,ml,20,83.85848999,0.1286211014,0.9702633785,ok,ok2020iexu,2020-04-26T12:54:34.890Z,"5km WSW of Thomas, Oklahoma",earthquake,2.784098307,2.021585636,,15,automatic,ok,ok
2020-04-26T12:50:35.240Z,19.2315006,-155.4081726,32.49,1.96,ml,45,140,0.01172,0.14,hv,hv71489692,2020-04-26T12:56:09.500Z,"8km ENE of Pahala, Hawaii",earthquake,0.51,0.71,0.28,3,automatic,hv,hv
2020-04-26T12:50:26.673Z,58.4423,-136.9635,0,2.7,ml,,,,1.02,ak,ak0205dpbkwb,2020-04-26T12:53:34.381Z,"71km W of Gustavus, Alaska",earthquake,,1,,,automatic,ak,ak
2020-04-26T12:45:18.960Z,33.9361667,-116.7323333,14.16,0.94,ml,31,59,0.1157,0.22,ci,ci39406360,2020-04-26T12:49:02.407Z,"6km ENE of Cabazon, CA",earthquake,0.31,0.75,0.163,27,automatic,ci,ci
2020-04-26T12:36:58.150Z,19.2101669,-155.4248352,33.09,2.38,ml,49,139,0.0375,0.13,hv,hv71489682,2020-04-26T12:42:32.820Z,"5km E of Pahala, Hawaii",earthquake,0.55,0.72,0.35,5,automatic,hv,hv
2020-04-26T12:19:37.330Z,17.942,-66.8186,10,2.82,md,19,203,0.0691,0.13,pr,pr2020117015,2020-04-26T12:39:48.604Z,"5km S of Indios, Puerto Rico",earthquake,0.55,0.43,0.19,13,reviewed,pr,pr
2020-04-26T12:16:14.329Z,44.3885,-115.2049,10,3,ml,,77,0.322,0.46,us,us60009cpz,2020-04-27T02:08:50.780Z,"68km ESE of Cascade, Idaho",earthquake,1.8,2,0.035,110,reviewed,us,us
2020-04-26T12:04:34.689Z,66.2933,-157.1931,8.8,1.4,ml,,,,0.46,ak,ak0205dp1qkc,2020-04-26T12:12:05.739Z,"69km SSW of Kobuk, Alaska",earthquake,,0.2,,,automatic,ak,ak
2020-04-26T12:04:29.688Z,64.773,-148.997,17.8,0.9,ml,,,,0.47,ak,ak0205dp1q6l,2020-04-26T12:16:16.988Z,"22km NNE of North Nenana, Alaska",earthquake,,0.3,,,automatic,ak,ak
2020-04-26T12:02:50.530Z,17.9616,-66.9983,7,2.98,md,20,195,0.0466,0.14,pr,pr2020117014,2020-04-26T12:29:39.763Z,"5km ESE of La Parguera, Puerto Rico",earthquake,0.49,0.22,0.26,16,reviewed,pr,pr
2020-04-26T11:51:51.140Z,38.8289986,-122.8078308,1.8,0.56,md,13,57,0.005863,0.01,nc,nc73376965,2020-04-26T13:54:04.080Z,"7km NW of The Geysers, CA",earthquake,0.29,0.73,,1,automatic,nc,nc
2020-04-26T11:38:34.360Z,32.9408333,-116.2641667,8.62,0.77,ml,17,101,0.03572,0.13,ci,ci39406352,2020-04-26T11:42:12.727Z,"26km SSW of Ocotillo Wells, CA",earthquake,0.29,0.43,0.154,10,automatic,ci,ci
2020-04-26T11:38:05.620Z,17.9245,-66.8476,12,2.3,ml,15,212,0.0597,0.13,pr,pr2020117013,2020-04-26T12:10:02.523Z,"7km SE of Maria Antonia, Puerto Rico",earthquake,0.77,0.48,0,0,reviewed,pr,pr
2020-04-26T11:37:12.520Z,32.9415,-116.2675,8.51,0.83,ml,25,78,0.03288,0.22,ci,ci39406344,2020-04-26T11:40:49.205Z,"26km SSW of Ocotillo Wells, CA",earthquake,0.39,0.67,0.143,12,automatic,ci,ci
2020-04-26T11:36:38.128Z,60.166,-139.5147,5.3,1.6,ml,,,,1.05,ak,ak0205don64x,2020-04-26T11:44:58.644Z,"69km N of Yakutat, Alaska",earthquake,,0.2,,,automatic,ak,ak
2020-04-26T11:36:06.410Z,33.169,-116.1218333,10.24,1.19,ml,41,41,0.04086,0.22,ci,ci39406336,2020-04-26T11:39:55.035Z,"3km NNE of Ocotillo Wells, CA",earthquake,0.28,0.78,0.239,26,automatic,ci,ci
2020-04-26T11:35:34.390Z,38.7965012,-122.7786636,3.57,0.54,md,17,74,0.007956,0.02,nc,nc73376955,2020-04-26T13:27:04.098Z,"3km NW of The Geysers, CA",earthquake,0.33,0.67,0.02,2,automatic,nc,nc
2020-04-26T11:33:53.850Z,35.6503333,-117.436,0.17,1.05,ml,12,174,0.211,0.17,ci,ci39406328,2020-04-26T11:37:39.188Z,"13km SSW of Searles Valley, CA",earthquake,0.55,31.61,0.117,10,automatic,ci,ci
2020-04-26T11:33:30.870Z,32.9448333,-116.2646667,8.9,0.62,ml,17,101,0.03398,0.13,ci,ci39406320,2020-04-26T11:37:14.185Z,"25km SSW of Ocotillo Wells, CA",earthquake,0.32,0.45,0.211,6,automatic,ci,ci
2020-04-26T11:32:02.930Z,57.9381,-154.5597,19.3,1.4,ml,,,,0.58,ak,ak0205dom8lj,2020-04-26T11:37:45.419Z,"56km NW of Larsen Bay, Alaska",earthquake,,0.2,,,automatic,ak,ak
2020-04-26T11:29:51.960Z,38.8173332,-122.8093338,4.1,0.55,md,7,113,0.006081,0.02,nc,nc73376950,2020-04-26T13:00:05.928Z,"6km NW of The Geysers, CA",earthquake,0.79,2.63,,1,automatic,nc,nc
2020-04-26T11:21:13.100Z,17.9131,-66.8443,12,2.98,md,21,219,0.0711,0.13,pr,pr2020117012,2020-04-26T11:56:53.482Z,"8km SSE of Maria Antonia, Puerto Rico",earthquake,0.69,0.44,0.26,18,reviewed,pr,pr
2020-04-26T11:15:38.941Z,38.0357,-118.7673,7,1.1,ml,10,89.34,0.299,0.1239,nn,nn00723744,2020-04-27T02:09:13.706Z,"46km NNE of Mammoth Lakes, California",earthquake,,4.2,0.31,5,reviewed,nn,nn
2020-04-26T11:09:51.951Z,37.0703,-115.8353,7.9,0,ml,18,246.45,0.111,0.177,nn,nn00723743,2020-04-27T02:09:11.204Z,"67km WSW of Alamo, Nevada",earthquake,,3.1,0.55,9,reviewed,nn,nn
2020-04-26T11:00:27.280Z,35.8991667,-117.7013333,10.7,0.57,ml,10,86,0.06384,0.04,ci,ci39406312,2020-04-26T11:03:57.968Z,"19km ESE of Little Lake, CA",earthquake,0.24,0.4,0.096,7,automatic,ci,ci
2020-04-26T10:39:17.900Z,35.9091667,-117.6858333,6.72,1.29,ml,21,74,0.04819,0.16,ci,ci39406304,2020-04-26T10:43:05.661Z,"20km E of Little Lake, CA",earthquake,0.26,0.58,0.154,18,automatic,ci,ci
2020-04-26T10:38:23.130Z,35.878,-117.6666667,6.54,0.86,ml,11,95,0.07099,0.15,ci,ci39406296,2020-04-26T10:42:05.870Z,"23km ESE of Little Lake, CA",earthquake,0.66,1.66,0.115,10,automatic,ci,ci
2020-04-26T10:36:19.170Z,19.2383327,-155.3869934,29.39,1.77,md,26,181,0.009961,0.13,hv,hv71489597,2020-04-26T10:39:27.750Z,"10km ENE of Pahala, Hawaii",earthquake,0.5,0.95,0.06,4,automatic,hv,hv
2020-04-26T10:24:06.509Z,61.2886,-150.45,66.1,1,ml,,,,0.66,ak,ak0205dnz3ij,2020-04-26T10:27:31.252Z,"30km WNW of Anchorage, Alaska",earthquake,,1.7,,,automatic,ak,ak
2020-04-26T10:06:40.850Z,38.0098343,-118.7131653,2.77,2.39,md,20,134,0.2917,0.05,nc,nc73376940,2020-04-27T02:09:09.204Z,"34km SE of Bodie, CA",earthquake,0.64,8.88,0.16,17,automatic,nc,nc
2020-04-26T09:58:55.790Z,34.8055,-118.674,9.47,0.94,ml,17,68,0.04113,0.33,ci,ci39406288,2020-04-26T10:02:23.644Z,"7km WNW of Neenach, CA",earthquake,0.73,1.19,0.171,17,automatic,ci,ci
2020-04-26T09:54:03.240Z,17.8725,-66.8636,7,2.92,md,13,240,0.1038,0.14,pr,pr2020117011,2020-04-26T10:33:23.183Z,"11km SSE of Guanica, Puerto Rico",earthquake,0.7,0.38,0.25,10,reviewed,pr,pr
2020-04-26T09:51:16.327Z,66.2904,-157.4543,0,1.1,ml,,,,0.61,ak,ak0205dnjgys,2020-04-26T10:02:46.250Z,"73km SSW of Kobuk, Alaska",earthquake,,0.4,,,automatic,ak,ak
2020-04-26T09:49:27.520Z,17.9268,-66.7671,7,2.37,md,18,220,0.1221,0.2,pr,pr2020117010,2020-04-26T10:23:27.902Z,"9km SE of Indios, Puerto Rico",earthquake,0.72,0.34,0.27,14,reviewed,pr,pr
2020-04-26T09:46:25.733Z,37.6996,-115.9591,8.9,0.8,ml,10,169.51,0.177,0.1756,nn,nn00723738,2020-04-27T02:09:03.603Z,"65km SSE of Warm Springs, Nevada",earthquake,,11.6,0.17,4,reviewed,nn,nn
2020-04-26T09:45:00.021Z,58.8049,-154.3001,91.4,1,ml,,,,0.11,ak,ak0205dni5g2,2020-04-26T09:51:12.784Z,"111km SSE of Old Iliamna, Alaska",earthquake,,1.4,,,automatic,ak,ak
2020-04-26T09:37:38.566Z,66.3741,-141.3127,12,2,ml,,,,0.54,ak,ak0205dngiow,2020-04-26T09:41:20.247Z,"138km ENE of Circle, Alaska",earthquake,,0.3,,,automatic,ak,ak
2020-04-26T09:35:25.390Z,32.1358333,-116.708,14,2.14,ml,16,167,0.1807,0.15,ci,ci39406272,2020-04-26T09:39:20.495Z,"22km ESE of Primo Tapia, B.C., MX",earthquake,0.57,1,0.11,26,automatic,ci,ci
2020-04-26T09:28:29.577Z,64.1782,-150.032,17,0.9,ml,,,,0.93,ak,ak0205dnekju,2020-04-26T09:33:08.211Z,"62km SW of North Nenana, Alaska",earthquake,,0.3,,,automatic,ak,ak
2020-04-26T09:26:06.809Z,59.2215,-153.0939,73.5,1.3,ml,,,,0.4,ak,ak0205dne3fg,2020-04-26T09:29:27.147Z,"94km SW of Anchor Point, Alaska",earthquake,,1,,,automatic,ak,ak
2020-04-26T09:25:36.960Z,33.7293333,-116.8428333,14.83,0.72,ml,34,77,0.07958,0.16,ci,ci39406264,2020-04-26T09:29:23.821Z,"5km ESE of Valle Vista, CA",earthquake,0.26,0.45,0.16,24,automatic,ci,ci
2020-04-26T09:24:01.130Z,34.1243333,-118.2306667,7.03,1.51,ml,53,27,0.05805,0.23,ci,ci39406256,2020-04-26T09:38:03.846Z,"3km W of Highland Park, CA",earthquake,0.26,0.55,0.147,23,automatic,ci,ci
2020-04-26T09:20:55.270Z,33.6223333,-116.6595,13.41,0.32,ml,20,97,0.04795,0.08,ci,ci39406248,2020-04-27T01:14:18.751Z,"8km N of Anza, CA",earthquake,0.2,0.32,0.299,6,reviewed,ci,ci
2020-04-26T09:10:46.260Z,36.668499,-121.2996674,3.24,1.81,md,7,131,0.04908,0.09,nc,nc73376935,2020-04-26T12:02:03.558Z,"14km S of Tres Pinos, CA",earthquake,0.57,1.98,0.32,5,automatic,nc,nc
2020-04-26T09:09:32.757Z,-6.6754,147.9072,41.59,4.6,mb,,153,2.81,0.87,us,us60009cnj,2020-04-26T09:30:12.040Z,"9km SSE of Finschhafen, Papua New Guinea",earthquake,13,8.7,0.128,18,reviewed,us,us
2020-04-26T08:57:31.690Z,38.0626678,-118.7871704,2.63,2.07,md,19,135,0.2915,0.09,nc,nc73376925,2020-04-27T02:09:01.312Z,"26km SE of Bodie, CA",earthquake,0.56,10.5,0.28,15,automatic,nc,nc
2020-04-26T08:53:31.746Z,62.903,-150.6993,14.6,1.1,ml,,,,0.71,ak,ak0205dmyhm7,2020-04-26T08:57:19.229Z,"71km NNW of Talkeetna, Alaska",earthquake,,1.1,,,automatic,ak,ak
2020-04-26T08:51:50.160Z,33.7988333,-117.6393333,5.92,0.9,ml,18,51,0.02545,0.25,ci,ci39406240,2020-04-26T08:55:31.453Z,"10km SW of Corona, CA",earthquake,0.57,0.95,0.111,18,automatic,ci,ci
2020-04-26T08:43:10.000Z,38.7985001,-122.7505035,1.01,1.34,md,18,54,0.007502,0.03,nc,nc73376910,2020-04-26T10:53:03.144Z,"2km NNE of The Geysers, CA",earthquake,0.2,0.62,0.05,5,automatic,nc,nc
2020-04-26T08:39:33.040Z,33.4786667,-116.4893333,8.27,0.26,ml,14,135,0.08599,0.11,ci,ci39406232,2020-04-26T08:43:08.231Z,"19km ESE of Anza, CA",earthquake,0.29,1.01,0.136,7,automatic,ci,ci
2020-04-26T08:36:21.080Z,38.8183327,-122.8181686,2.26,0.99,md,27,47,0.008095,0.02,nc,nc73376905,2020-04-26T10:25:09.973Z,"7km NW of The Geysers, CA",earthquake,0.18,0.37,0.1,4,automatic,nc,nc
2020-04-26T08:27:28.430Z,19.2268333,-155.4069977,32.82,2.05,md,44,145,0.0139,0.12,hv,hv71489502,2020-04-26T08:30:47.820Z,"8km ENE of Pahala, Hawaii",earthquake,0.6,0.79,0.16,18,automatic,hv,hv
2020-04-26T08:23:40.698Z,-3.212,123.0816,30.35,4.4,mb,,56,2.177,0.7,us,us60009cn6,2020-04-26T08:41:37.040Z,"103km NE of Kendari, Indonesia",earthquake,6.4,3.5,0.103,27,reviewed,us,us
2020-04-26T08:22:51.340Z,33.1728333,-116.1263333,10.54,1.16,ml,37,68,0.1089,0.2,ci,ci39406224,2020-04-26T08:27:01.158Z,"3km N of Ocotillo Wells, CA",earthquake,0.26,0.81,0.25,29,automatic,ci,ci
2020-04-26T08:22:45.070Z,33.51,-116.4496667,6.8,0.45,ml,18,71,0.07776,0.13,ci,ci39406216,2020-04-27T01:32:16.491Z,"21km ESE of Anza, CA",earthquake,0.21,0.69,0.095,6,reviewed,ci,ci
2020-04-26T08:21:20.210Z,34.2813333,-116.9578333,9.47,0.86,ml,22,74,0.0361,0.19,ci,ci39406208,2020-04-26T08:24:59.482Z,"6km NW of Big Bear Lake, CA",earthquake,0.34,0.65,0.212,21,automatic,ci,ci
2020-04-26T08:20:53.751Z,61.5393,-149.8661,34.6,1.2,ml,,,,0.61,ak,ak0205dmrh2y,2020-04-26T08:25:41.069Z,"5km ENE of Big Lake, Alaska",earthquake,,0.2,,,automatic,ak,ak
2020-04-26T08:18:05.853Z,35.56602478,-97.08528137,7.10384798,1.08,ml,13,99.21408081,0.02015216462,0.2746646148,ok,ok2020ieou,2020-04-26T08:19:05.677Z,"11km NE of Harrah, Oklahoma",earthquake,3.391597145,5.162074675,,4,automatic,ok,ok
2020-04-26T08:15:43.180Z,17.9613,-66.8975,10,2.97,md,22,185,0.0229,0.13,pr,pr2020117009,2020-04-26T10:22:07.111Z,"1km SE of Guanica, Puerto Rico",earthquake,0.45,0.38,0.3,20,reviewed,pr,pr
2020-04-26T08:15:36.692Z,61.7266,-150.7031,32.1,1.3,ml,,,,0.69,ak,ak0205dmqd6c,2020-04-26T08:21:19.380Z,"35km W of Willow, Alaska",earthquake,,1.1,,,automatic,ak,ak
2020-04-26T08:09:31.820Z,46.8386650085449,-121.94450378418,11.8199996948242,1.15999997,md,17,101,,0.100000001,uw,uw61604737,2020-04-26T08:12:02.230Z,"24km E of Eatonville, Washington",earthquake,0.52,1.00999999,0.310000002,5,automatic,uw,uw
2020-04-26T08:07:43.090Z,19.2509995,-155.383667,30.69,1.77,md,27,147,0.01874,0.13,hv,hv71489487,2020-04-26T08:10:58.160Z,"11km ENE of Pahala, Hawaii",earthquake,0.75,1.4,0.18,4,automatic,hv,hv
2020-04-26T08:04:24.500Z,34.0383333,-117.1126667,12.98,0.43,ml,18,111,0.002864,0.13,ci,ci39406200,2020-04-27T01:10:31.019Z,"4km SSE of Mentone, CA",earthquake,0.28,0.61,0.123,7,reviewed,ci,ci
2020-04-26T08:01:53.550Z,35.407,-117.753,6.97,0.88,ml,13,157,0.09267,0.2,ci,ci39406192,2020-04-26T08:05:21.368Z,"11km WNW of Johannesburg, CA",earthquake,0.5,1.14,0.118,13,automatic,ci,ci
2020-04-26T07:56:09.950Z,19.2393341,-155.3865051,30.43,1.81,md,35,142,0.01055,0.15,hv,hv71489477,2020-04-26T07:59:21.810Z,"10km ENE of Pahala, Hawaii",earthquake,0.48,0.81,0.07,8,automatic,hv,hv
2020-04-26T07:55:49.181Z,64.7058,-147.2805,18,0.9,ml,,,,1.28,ak,ak0205dmdj8a,2020-04-26T08:06:25.059Z,"6km SSE of North Pole, Alaska",earthquake,,0.2,,,automatic,ak,ak
2020-04-26T07:54:01.986Z,36.7954,-115.9483,5.5,-0.1,ml,13,208.22,0.073,0.1376,nn,nn00723735,2020-04-27T02:08:53.397Z,"65km N of Pahrump, Nevada",earthquake,,2.2,0.71,5,reviewed,nn,nn
2020-04-26T07:52:53.354Z,-18.7427,-177.9146,616.46,4.6,mb,,37,3.958,0.79,us,us60009cmu,2020-04-26T08:11:40.040Z,"226km NNE of Ndoi Island, Fiji",earthquake,11.5,8.4,0.034,266,reviewed,us,us
2020-04-26T07:48:56.930Z,39.3045006,-123.2074966,6.78,1.7,md,11,157,0.007776,0.06,nc,nc73376895,2020-04-26T09:31:03.553Z,"4km N of Redwood Valley, CA",earthquake,0.35,0.55,0.13,7,automatic,nc,nc
2020-04-26T07:46:13.610Z,62.1558,-147.7363,30.9,1.9,ml,,,,0.63,ak,ak0205dmbizu,2020-04-26T07:58:42.670Z,"70km NE of Sutton-Alpine, Alaska",earthquake,,0.2,,,automatic,ak,ak
2020-04-26T07:37:41.570Z,36.1311667,-117.8723333,3.59,1.08,ml,15,196,0.0196,0.14,ci,ci39406184,2020-04-26T07:41:16.214Z,"12km NE of Coso Junction, CA",earthquake,0.48,0.35,0.307,10,automatic,ci,ci
2020-04-26T07:32:59.350Z,17.9576,-66.8558,16,2.27,md,19,185,0.0292,0.14,pr,pr2020117007,2020-04-26T09:56:27.550Z,"4km ESE of Maria Antonia, Puerto Rico",earthquake,0.52,0.37,0.13,14,reviewed,pr,pr
2020-04-26T07:27:01.830Z,61.3566,-147.5379,12,1.8,ml,,,,0.63,ak,ak0205dm7fhe,2020-04-26T07:32:25.852Z,"68km WNW of Valdez, Alaska",earthquake,,0.3,,,automatic,ak,ak
2020-04-26T07:26:28.320Z,33.5036667,-116.5166667,10.68,0.37,ml,16,87,0.05501,0.17,ci,ci39406176,2020-04-26T07:29:56.142Z,"16km ESE of Anza, CA",earthquake,0.42,0.69,0.107,8,automatic,ci,ci
2020-04-26T07:25:42.090Z,18.014,-66.752,12,2.67,md,22,139,0.133,0.14,pr,pr2020117008,2020-04-26T09:56:00.870Z,"1km ESE of Magas Arriba, Puerto Rico",earthquake,0.36,0.31,0.32,18,reviewed,pr,pr
2020-04-26T07:21:18.860Z,17.9085,-66.8971,12,2.49,md,20,222,0.069,0.29,pr,pr2020117005,2020-04-26T09:57:50.654Z,"7km S of Guanica, Puerto Rico",earthquake,1.11,0.66,0.21,16,reviewed,pr,pr
2020-04-26T07:18:25.724Z,56.7927,-154.285,31.5,2.1,ml,,,,0.35,ak,ak0205dm5jx5,2020-04-26T07:21:32.696Z,"85km SSW of Larsen Bay, Alaska",earthquake,,533.2,,,automatic,ak,ak
2020-04-26T07:18:03.210Z,32.9433333,-116.2658333,8.68,0.8,ml,23,91,0.03351,0.18,ci,ci39406168,2020-04-26T07:21:48.354Z,"26km SSW of Ocotillo Wells, CA",earthquake,0.31,0.55,0.139,13,automatic,ci,ci
2020-04-26T07:10:41.530Z,36.1285,-117.867,2.11,1.64,ml,21,90,0.01468,0.16,ci,ci39406160,2020-04-26T07:14:30.009Z,"12km NE of Coso Junction, CA",earthquake,0.31,0.59,0.24,22,automatic,ci,ci
2020-04-26T06:54:37.320Z,38.8414993,-122.8093338,1.33,0.57,md,11,58,0.01515,0.01,nc,nc73376890,2020-04-26T07:10:06.471Z,"8km WNW of Cobb, CA",earthquake,0.29,0.79,,1,automatic,nc,nc
2020-04-26T06:48:57.705Z,61.6958,-147.7861,36.6,0.6,ml,,,,0.31,ak,ak0205dlqlko,2020-04-26T09:27:15.957Z,"57km E of Sutton-Alpine, Alaska",earthquake,,0.5,,,reviewed,ak,ak
2020-04-26T06:43:35.410Z,37.6459999,-118.9023361,4.04,0.77,md,8,115,0.004652,0.02,nc,nc73376885,2020-04-26T09:03:05.179Z,"7km E of Mammoth Lakes, CA",earthquake,0.8,1.31,0.11,6,automatic,nc,nc
2020-04-26T06:36:19.737Z,66.3514,-157.0384,0,1.8,ml,,,,0.99,ak,ak0205dlnypg,2020-04-26T06:49:46.319Z,"62km S of Kobuk, Alaska",earthquake,,0.4,,,automatic,ak,ak
2020-04-26T06:32:26.760Z,37.6430016,-118.9011688,4.33,1.09,md,15,79,0.00371,0.03,nc,nc73376880,2020-04-26T08:37:02.986Z,"7km E of Mammoth Lakes, CA",earthquake,0.56,0.65,0.15,15,automatic,nc,nc
2020-04-26T06:27:42.070Z,33.8586667,-117.0771667,10.69,1.14,ml,44,36,0.07752,0.16,ci,ci39406152,2020-04-26T06:31:32.982Z,"9km NE of Nuevo, CA",earthquake,0.18,0.41,0.201,27,automatic,ci,ci
2020-04-26T06:22:23.730Z,37.6446648,-118.9014969,4.14,1.06,md,15,81,0.00371,0.02,nc,nc73376875,2020-04-26T08:11:03.830Z,"7km E of Mammoth Lakes, CA",earthquake,0.59,0.7,0.2,14,automatic,nc,nc
2020-04-26T06:09:18.446Z,62.1954,-150.0889,19.7,1.1,ml,,,,0.65,ak,ak0205dli69w,2020-04-26T06:15:49.080Z,"12km WNW of Y, Alaska",earthquake,,0.2,,,automatic,ak,ak
2020-04-26T06:02:03.810Z,34.0898333,-117.3005,15.21,0.97,ml,29,78,0.1077,0.19,ci,ci39406144,2020-04-26T06:05:53.090Z,"2km NE of Colton, CA",earthquake,0.33,0.54,0.172,29,automatic,ci,ci
2020-04-26T05:57:03.490Z,38.7873344,-122.7681656,1.2,1.72,md,31,81,0.01482,0.04,nc,nc73376870,2020-04-26T07:45:04.679Z,"2km NW of The Geysers, CA",earthquake,0.2,0.33,0.2,10,automatic,nc,nc
2020-04-26T05:48:16.821Z,36.7105,-116.1077,2.6,-0.1,ml,9,73.3,0.001,0.0796,nn,nn00723731,2020-04-27T02:08:51.532Z,"56km N of Pahrump, Nevada",earthquake,,1.3,0.62,5,reviewed,nn,nn
2020-04-26T05:45:18.140Z,33.5221667,-116.5276667,11.27,0.59,ml,24,53,0.03535,0.18,ci,ci39406136,2020-04-26T05:49:01.578Z,"14km ESE of Anza, CA",earthquake,0.31,0.55,0.264,18,automatic,ci,ci
2020-04-26T05:42:06.760Z,19.4018326,-155.2825012,0.38,1.76,md,18,50,0.01055,0.14,hv,hv71489402,2020-04-26T05:45:03.780Z,"5km SW of Volcano, Hawaii",earthquake,0.18,0.3,0.26,17,automatic,hv,hv
2020-04-26T05:33:26.844Z,57.4988,-156.5857,1.2,0.8,ml,,,,1.08,ak,ak0205dl1wih,2020-04-26T05:37:40.857Z,"132km S of King Salmon, Alaska",earthquake,,4.9,,,automatic,ak,ak
2020-04-26T05:31:13.560Z,17.8741,-66.8456,12,2.55,md,20,239,0.1064,0.19,pr,pr2020117006,2020-04-26T09:57:12.390Z,"12km SSE of Guanica, Puerto Rico",earthquake,0.86,0.52,0.19,13,reviewed,pr,pr
2020-04-26T05:29:30.890Z,26.9959,89.2639,10,3.7,mb,,186,2.727,0.95,us,us60009cyy,2020-04-26T23:42:32.592Z,"19km NW of Jaigaon, India",earthquake,9,2,0.357,2,reviewed,us,us
2020-04-26T05:28:02.710Z,33.4795,-116.4963333,9.89,0.57,ml,29,59,0.08301,0.17,ci,ci39406120,2020-04-27T01:06:13.353Z,"18km ESE of Anza, CA",earthquake,0.22,0.53,0.127,18,reviewed,ci,ci
2020-04-26T05:26:50.850Z,33.4976667,-116.494,13.76,0.67,ml,20,61,0.0672,0.13,ci,ci39406112,2020-04-26T05:30:39.241Z,"18km ESE of Anza, CA",earthquake,0.26,0.55,0.151,20,automatic,ci,ci
2020-04-26T05:10:49.721Z,62.1797,-148.6945,28.6,1.3,ml,,,,0.86,ak,ak0205dkx0tu,2020-04-26T05:14:25.939Z,"43km N of Sutton-Alpine, Alaska",earthquake,,0.3,,,automatic,ak,ak
2020-04-26T05:06:01.947Z,62.9275,-150.7537,83,1.4,ml,,,,0.57,ak,ak0205dkw2by,2020-04-26T05:11:14.824Z,"74km NNW of Talkeetna, Alaska",earthquake,,1.3,,,automatic,ak,ak
2020-04-26T05:01:15.616Z,-19.925,-70.132,45.4,3.8,mb,,168,0.326,0.47,us,us60009cl9,2020-04-26T23:25:34.040Z,"32km N of Iquique, Chile",earthquake,5.1,5.5,0.295,3,reviewed,us,us
2020-04-26T04:55:26.870Z,38.8115005,-122.7921677,2.55,0.83,md,29,32,0.004294,0.04,nc,nc73376845,2020-04-26T05:48:02.961Z,"5km NW of The Geysers, CA",earthquake,0.23,0.38,0.21,5,automatic,nc,nc
2020-04-26T04:53:49.550Z,33.4825,-116.4976667,9.78,0.88,ml,27,60,0.07982,0.18,ci,ci39406104,2020-04-26T04:57:31.160Z,"18km ESE of Anza, CA",earthquake,0.25,0.61,0.147,25,automatic,ci,ci
2020-04-26T04:50:44.664Z,69.5016,-143.9688,3.1,1.6,ml,,,,1.4,ak,ak0205dkk5h4,2020-04-26T05:00:21.798Z,"71km S of Kaktovik, Alaska",earthquake,,1.1,,,automatic,ak,ak
2020-04-26T04:49:26.360Z,36.1305,-117.8676667,2.97,1.99,ml,26,63,0.01655,0.17,ci,ci39406096,2020-04-26T05:00:43.850Z,"12km NE of Coso Junction, CA",earthquake,0.3,0.52,0.248,25,automatic,ci,ci
2020-04-26T04:48:11.540Z,17.967,-66.8345,12,3.23,md,21,181,0.0454,0.14,pr,pr2020117004,2020-04-27T00:23:47.264Z,"4km SSW of Indios, Puerto Rico",earthquake,0.61,0.32,0.16,21,reviewed,pr,pr
2020-04-26T04:47:42.520Z,33.48,-116.491,8.41,0.5,ml,18,75,0.08421,0.11,ci,ci39406088,2020-04-26T04:51:25.235Z,"19km ESE of Anza, CA",earthquake,0.21,0.64,0.079,11,automatic,ci,ci
2020-04-26T04:39:53.710Z,38.8419991,-122.8103333,-0.03,0.9,md,19,39,0.01602,0.06,nc,nc73376825,2020-04-26T05:27:04.826Z,"8km WNW of Cobb, CA",earthquake,0.19,0.54,0.09,5,automatic,nc,nc
2020-04-26T04:36:15.790Z,38.8440018,-122.8079987,0.97,0.57,md,7,86,0.01376,0.01,nc,nc73376815,2020-04-26T05:06:04.087Z,"8km WNW of Cobb, CA",earthquake,0.38,1.61,,1,automatic,nc,nc
2020-04-26T04:34:50.092Z,44.3714,-115.2034,10,2.5,ml,,61,0.308,0.75,us,us60009ckw,2020-04-26T04:44:36.040Z,"68km ESE of Cascade, Idaho",earthquake,1.7,2,0.06,36,reviewed,us,us
2020-04-26T04:30:02.050Z,38.8438339,-122.8075027,1.08,0.57,md,7,140,0.01445,0.01,nc,nc73376800,2020-04-26T04:45:05.553Z,"8km WNW of Cobb, CA",earthquake,0.49,1.14,,1,automatic,nc,nc
2020-04-26T04:28:14.140Z,19.1520004,-155.4485016,32.52,1.81,md,33,215,0.01331,0.14,hv,hv71489357,2020-04-26T04:31:56.750Z,"6km SSE of Pahala, Hawaii",earthquake,0.7,1.03,0.05,4,automatic,hv,hv
2020-04-26T04:25:58.609Z,62.9093,-148.7739,66.2,1.5,ml,,,,0.85,ak,ak0205dketmj,2020-04-26T04:31:15.069Z,"54km S of Cantwell, Alaska",earthquake,,0.4,,,automatic,ak,ak
2020-04-26T04:25:23.967Z,63.1154,-151.5939,13.6,1.3,ml,,,,1.31,ak,ak0205dkeqy4,2020-04-26T04:36:56.730Z,"116km NW of Talkeetna, Alaska",earthquake,,0.4,,,automatic,ak,ak
2020-04-26T04:20:52.660Z,33.4961667,-116.7873333,6.66,0.86,ml,34,66,0.01948,0.16,ci,ci39406072,2020-04-26T04:24:32.949Z,"9km NE of Aguanga, CA",earthquake,0.19,0.51,0.127,25,automatic,ci,ci
2020-04-26T04:20:28.478Z,53.3068,-164.6351,35,4.2,mb,,168,1.07,1.2,us,us60009ckq,2020-04-26T09:05:31.135Z,"118km SE of Akutan, Alaska",earthquake,7.9,2,0.054,96,reviewed,us,us
2020-04-26T04:04:41.770Z,34.4438333,-119.3236667,5.02,1.61,ml,17,80,0.05109,0.3,ci,ci39406056,2020-04-26T04:08:27.857Z,"7km W of Ojai, CA",earthquake,0.69,1.33,0.369,32,automatic,ci,ci
2020-04-26T04:00:49.530Z,36.69424438,-97.6880722,6.610144615,1.5,ml,16,88.94412231,0.2088079304,0.6056767866,ok,ok2020iegh,2020-04-26T04:04:09.548Z,"13km SSE of Medford, Oklahoma",earthquake,4.851798011,4.659754387,,13,automatic,ok,ok
2020-04-26T03:58:44.670Z,38.8055,-122.8176651,2.25,1,md,23,59,0.009603,0.05,nc,nc73376785,2020-04-26T04:13:03.145Z,"6km WNW of The Geysers, CA",earthquake,0.24,0.43,0.08,5,automatic,nc,nc
2020-04-26T03:57:14.480Z,17.8943,-66.9183,10,2.38,md,16,232,0.0898,0.13,pr,pr2020117002,2020-04-26T05:10:52.523Z,"8km S of Guanica, Puerto Rico",earthquake,0.56,0.6,0.18,14,reviewed,pr,pr
2020-04-26T03:56:17.473Z,61.701,-149.5128,30.2,2.8,ml,,,,0.59,ak,ak0205djzxza,2020-04-26T21:11:43.769Z,"9km NNE of Meadow Lakes, Alaska",earthquake,,0.3,,,reviewed,ak,ak
2020-04-26T03:49:35.900Z,35.7231667,-117.5248333,10.52,2,ml,28,80,0.1097,0.18,ci,ci39406048,2020-04-26T04:00:27.550Z,"12km WSW of Searles Valley, CA",earthquake,0.31,0.68,0.117,26,automatic,ci,ci
2020-04-26T03:44:13.030Z,34.2223333,-119.4765,1.87,2.16,ml,29,189,0.1795,0.29,ci,ci37443485,2020-04-27T01:00:06.291Z,"20km S of Carpinteria, CA",earthquake,0.53,0.72,0.155,84,reviewed,ci,ci
2020-04-26T03:44:12.120Z,34.2865,-119.4851667,4.88,1.59,ml,25,189,0.1153,0.21,ci,ci39406040,2020-04-27T00:53:59.914Z,"13km SSE of Carpinteria, CA",earthquake,0.74,1.26,0.247,8,reviewed,ci,ci
2020-04-26T03:33:41.454Z,59.8244,-151.6986,45,1.2,ml,,,,0.24,ak,ak0205djv2ft,2020-04-26T03:43:52.963Z,"9km NE of Anchor Point, Alaska",earthquake,,2.3,,,automatic,ak,ak
2020-04-26T03:29:16.268Z,58.3886,-151.2191,11.8,2.1,ml,,,,0.5,ak,ak0205dju5m2,2020-04-26T03:33:30.275Z,"96km NE of Kodiak, Alaska",earthquake,,0.3,,,automatic,ak,ak
2020-04-26T03:18:45.100Z,33.5018333,-116.7911667,5.86,0.17,ml,16,95,0.01301,0.1,ci,ci39406024,2020-04-27T00:40:22.838Z,"10km NE of Aguanga, CA",earthquake,0.2,0.58,0.044,5,reviewed,ci,ci
2020-04-26T03:14:03.250Z,18.0578,-66.5186,16,2.67,md,20,139,0.0629,0.13,pr,pr2020117003,2020-04-26T05:10:26.251Z,"0km E of Luis Llorens Torres, Puerto Rico",earthquake,0.44,0.49,0.16,15,reviewed,pr,pr
2020-04-26T03:10:29.310Z,38.2513351,-119.0238342,2.44,1.99,md,6,168,0.4086,0.12,nc,nc73376770,2020-04-26T03:19:02.679Z,"4km NNW of Bodie, CA",earthquake,3.09,12.48,0.17,3,automatic,nc,nc
2020-04-26T03:10:07.405Z,38.0423,-118.7348,7.6,1,ml,11,85.51,0.277,0.1566,nn,nn00723726,2020-04-27T02:08:47.108Z,"48km NNE of Mammoth Lakes, California",earthquake,,4,0.39,5,reviewed,nn,nn
2020-04-26T03:06:57.050Z,35.106,-118.3613333,3.07,1.36,ml,29,50,0.1163,0.22,ci,ci39406016,2020-04-26T03:17:15.690Z,"8km ESE of Tehachapi, CA",earthquake,0.33,1.77,0.235,27,automatic,ci,ci
2020-04-26T03:06:56.970Z,33.4801667,-116.4975,8.68,0.74,ml,31,59,0.08205,0.17,ci,ci39406008,2020-04-26T03:10:41.492Z,"18km ESE of Anza, CA",earthquake,0.23,0.58,0.163,22,automatic,ci,ci
2020-04-26T03:04:05.460Z,36.1281667,-117.8645,3.43,2.01,ml,24,64,0.01314,0.14,ci,ci39406000,2020-04-26T03:15:12.050Z,"12km NE of Coso Junction, CA",earthquake,0.24,0.4,0.212,25,automatic,ci,ci
2020-04-26T03:04:03.810Z,32.9401667,-116.2706667,8.13,1.15,ml,36,68,0.03104,0.19,ci,ci39405992,2020-04-26T03:15:08.920Z,"26km SSW of Ocotillo Wells, CA",earthquake,0.28,0.65,0.171,25,automatic,ci,ci
2020-04-26T03:01:38.380Z,38.0668335,-118.7618332,2.66,1.7,md,8,196,0.2738,0.03,nc,nc73376755,2020-04-27T02:08:45.038Z,"27km SE of Bodie, CA",earthquake,1.61,8.57,0.27,2,automatic,nc,nc
2020-04-26T02:59:03.583Z,40.9236,14.1821,5,2,ml,,123,0.311,0.37,us,us60009cyf,2020-04-26T23:19:44.669Z,"0km WSW of Giugliano in Campania, Italy",earthquake,3.5,2,0.081,20,reviewed,us,us
2020-04-26T02:56:20.090Z,38.8149986,-122.8136673,2.72,0.93,md,25,48,0.008842,0.03,nc,nc73376750,2020-04-26T03:11:03.625Z,"6km NW of The Geysers, CA",earthquake,0.22,0.48,0.26,4,automatic,nc,nc
2020-04-26T02:53:04.710Z,36.1423333,-117.9103333,4.25,1.12,ml,10,155,0.05125,0.14,ci,ci39405984,2020-04-26T02:56:43.867Z,"11km NNE of Coso Junction, CA",earthquake,0.56,0.44,0.274,16,automatic,ci,ci
2020-04-26T02:47:19.434Z,36.87242889,-97.43579102,1.36245811,1.9,ml,41,114.5290146,0.1441734433,0.4266447862,ok,ok2020iedw,2020-04-26T02:51:32.102Z,"15km WNW of Blackwell, Oklahoma",earthquake,2.341122341,1.498097598,,31,automatic,ok,ok
2020-04-26T02:37:08.990Z,33.4828333,-116.4926667,10.99,0.53,ml,18,48,0.08106,0.15,ci,ci39405968,2020-04-26T02:40:40.295Z,"19km ESE of Anza, CA",earthquake,0.28,0.78,0.06,11,automatic,ci,ci
